SearchParam,Title,VideoURL
bypass+cloudflare+webscraping,Scrape Websites with 403 Errors and bypass cloudflare,https://www.youtube.com/watch?v=OF100qsZPdI
bypass+cloudflare+webscraping,ChatGPT Helped Solve My Web Automation Headache,https://www.youtube.com/watch?v=LDlD5k8S0oQ
bypass+cloudflare+webscraping,Bypass Cloudflare | Bypass Anti-bot Captcha,https://www.youtube.com/watch?v=ccY31Tpj7tc
bypass+cloudflare+webscraping,Bypass 403 Forbidden Error When Web Scraping in Python,https://www.youtube.com/watch?v=6RfyXcf_vQo
bypass+cloudflare+webscraping,How to Bypass Cloudflare 403 Forbidden Error When Web Scraping?,https://www.youtube.com/watch?v=9b4lUdpcLW0
bypass+cloudflare+webscraping,Pass Cloudflare check by DrissionPage,https://www.youtube.com/watch?v=TCRcRXszhhU
bypass+cloudflare+webscraping,#NahamCon2024: The Art of Bypassing WAFs (with live demos!) | @Brumens2,https://www.youtube.com/watch?v=VKnX1vj65Ro
bypass+cloudflare+webscraping,–û–±—Ö–æ–¥ Cloudflare –Ω–∞ –∑–∞–ø—Ä–æ—Å–∞—Ö | bypass Cloudflare with requests,https://www.youtube.com/watch?v=5_bThiM0Vso
bypass+cloudflare+webscraping,"CapRover: STOP PAYING for VERCEL & SUPABASE with this NEW, FREE, OPENSOURCE & SELFHOSTED Alternative",https://www.youtube.com/watch?v=2d2U8tRBFyM
bypass+cloudflare+webscraping,Cloudflare Bypass with Reflected XSS samsungmobilepress.com  POC |  Bug Bounty 2021,https://www.youtube.com/watch?v=tavCvzB3G18
bypass+cloudflare+webscraping,Selenium Undetected Chromedriver: Bypass Anti-Bots With Ease,https://www.youtube.com/watch?v=H8O-2Wb2pkI
bypass+cloudflare+webscraping,How to Bypass CAPTCHA With Puppeteer,https://www.youtube.com/watch?v=Q4AZRgzTFpg
bypass+cloudflare+webscraping,Building an Unblockable Web Scraper with Proxies! | Node.js,https://www.youtube.com/watch?v=oF71O9urS14
bypass+cloudflare+webscraping,Attention Required! | Cloudflare Bypass SQL || XSS,https://www.youtube.com/watch?v=IZKghFRch1Y
bypass+cloudflare+webscraping,–ö–∞–∫ –æ–±—Ö–æ–¥–∏—Ç—å CloudFlare —Å hcaptcha | –û–±—Ö–æ–¥–∏–º cloudflare –Ω–∞ http-–∑–∞–ø—Ä–æ—Å–∞—Ö —Å –ø–æ–º–æ—â—å—é Captcha.Guru,https://www.youtube.com/watch?v=sIvZW6hHUZo
bypass+cloudflare+webscraping,SH: Let's build a data pipeline with Prefect!,https://www.youtube.com/watch?v=FxRZ9zo6GmI
bypass+cloudflare+webscraping,The Biggest Mistake Beginners Make When Web Scraping,https://www.youtube.com/watch?v=G7s0eGOaRPE
bypass+cloudflare+webscraping,How to Bypass 403 Forbidden Error When Web Scraping: Tutorial,https://www.youtube.com/watch?v=JesHXRoJbzw
bypass+cloudflare+webscraping,Advanced Web Scraping with Puppeteer: Avoid Looking Like a Bot and Pass Authentication!,https://www.youtube.com/watch?v=9zwyfrVv3hg
bypass+cloudflare+webscraping,How to build a node.js web scraper to bypass CloudFlare 403 code 1020,https://www.youtube.com/watch?v=UHOY-LubMsM
bypass+cloudflare+webscraping,Always Check for the Hidden API when Web Scraping,https://www.youtube.com/watch?v=DqtlR0y0suo
bypass+cloudflare+webscraping,Bypassing Cloudflare Protection and Web Scraping Data,https://www.youtube.com/watch?v=_oA5RktpU7I
bypass+cloudflare+webscraping,Industrial-scale Web Scraping with AI & Proxy Networks,https://www.youtube.com/watch?v=qo_fUjb02ns
bypass+cloudflare+webscraping,"Python Selenium Tutorial #6   - Bypass Detection using plugins, settings & proxies",https://www.youtube.com/watch?v=QvaZLa_FKmY
bypass+cloudflare+webscraping,ScrapingAnt Alternative - ScrapingBypass Web Scraping API Bypass Cloudflare,https://www.youtube.com/watch?v=kYdYdcBPyt0
bypass+cloudflare+webscraping,ScrapingBee Alternative - ScrapingBypass Web Scraping API Bypass Cloudflare,https://www.youtube.com/watch?v=cJY3T3jiQTI
bypass+cloudflare+webscraping,‚òÅ Bypass cloudflare human verification ü¶ã,https://www.youtube.com/watch?v=jKWZL8_R_a8
bypass+cloudflare+webscraping,How to bypass cloudflare protection for website?,https://www.youtube.com/watch?v=hbbwCuYzu-Q
bypass+cloudflare+webscraping,How to Bypass CAPTCHA in Web Scraping Using Python,https://www.youtube.com/watch?v=fUCezwmhTkE
bypass+cloudflare+webscraping,How to bypass cloudflare protection (2024),https://www.youtube.com/watch?v=Y2qtXlIlr0Y
scraping+proxy,Industrial-scale Web Scraping with AI & Proxy Networks,https://www.youtube.com/watch?v=qo_fUjb02ns
scraping+proxy,Proxies for Scraping and Best Types,https://www.youtube.com/watch?v=ZXs3b5rX7aU
scraping+proxy,Scrapy Course ‚Äì Python Web Scraping for Beginners,https://www.youtube.com/watch?v=mBoX_JCKZTE
scraping+proxy,Web Scraping with Professional Proxy Servers in Python,https://www.youtube.com/watch?v=hh8UHmkymik
scraping+proxy,Scraping Unleashed: Bright Data‚Äôs Scraping Browser Product Launch & Demonstration,https://www.youtube.com/watch?v=4y-i5XKxa7I
scraping+proxy,How to Rotate Proxies with Python,https://www.youtube.com/watch?v=vJwcW2gCCE4
scraping+proxy,Rotating Proxies For Web Requests in Python,https://www.youtube.com/watch?v=FbtCl9jJyyc
scraping+proxy,The Biggest Mistake Beginners Make When Web Scraping,https://www.youtube.com/watch?v=G7s0eGOaRPE
scraping+proxy,The Biggest Issues I've Faced Web Scraping (and how to fix them),https://www.youtube.com/watch?v=vxk6YPRVg_o
scraping+proxy,Making Web Scraping Easy with Residential Proxies,https://www.youtube.com/watch?v=5D25664DiAE
scraping+proxy,Introducing Crawlee for Python: Build reliable web scrapers. Fast.,https://www.youtube.com/watch?v=ip8Ii0eLfRY
scraping+proxy,How to Make Money Online 2024 - With Web Scraping Using Python And Residential Proxies,https://www.youtube.com/watch?v=nSHyffBhMsQ
scraping+proxy,"I Tried 100s of Free Proxies, Here's the results.",https://www.youtube.com/watch?v=emPgih1AYTs
scraping+proxy,Introduction to Proxies for Web Scraping and Automation,https://www.youtube.com/watch?v=0XDQLLFbtkw
scraping+proxy,Using proxies for web scraping: how to crawl without getting blocked,https://www.youtube.com/watch?v=ZFHXj_lQnOQ
scraping+proxy,How to Use Webshare Residential Proxies for Scraping,https://www.youtube.com/watch?v=qE_jcmp4loM
scraping+proxy,Extract Summit 2022: How to source proxy IPs for data scraping,https://www.youtube.com/watch?v=YAf7FhgTQ-Q
scraping+proxy,How to set up proxies in ScrapeBox for scraping,https://www.youtube.com/watch?v=ik1E_PlzU-E
scraping+proxy,Proxies For Web Scraping! How To Use Proxies With ParseHub,https://www.youtube.com/watch?v=4hdt_yiHBIU
bypass+cloudflare+webscraping,ERROR 403 WEBSCRAPING PYTHON | ANTIBOT CLOUDFLARE BYPASS,https://www.youtube.com/watch?v=icB0FiW43Mk
bypass+cloudflare+webscraping,How hackers bypass cloudflare & other reverse proxy solutions,https://www.youtube.com/watch?v=pRX3AdxGcGg
bypass+cloudflare+webscraping,Bypass Cloudflare Captcha Anti-bot Verification - ScrapingBypass Web Scraping API,https://www.youtube.com/watch?v=n3QlMPjtziQ
bypass+cloudflare+webscraping,EASY CLOUDFLARE BYPASS!! (NON PATCHABLE),https://www.youtube.com/watch?v=OIzwAeAk8fI
bypass+cloudflare+webscraping,Web Developers! Bypass Cloudflare Cache - Easy and Simple - Edit your Hosts file!,https://www.youtube.com/watch?v=Cfbi5-Knpxk
bypass+cloudflare+webscraping,Zenrows Alternative | ScrapingBypass Web Scraping API Bypass Cloudflare Captcha,https://www.youtube.com/watch?v=0FV-PYkDlus
bypass+cloudflare+webscraping,Python Web Bot How to bypass selenium Cloudflare | Mastering Python Web Bots | Urdu Hindi,https://www.youtube.com/watch?v=425pJuQQ9R8
bypass+cloudflare+webscraping,How to bypass reCAPTCHA with Puppeteer and Headless Chrome,https://www.youtube.com/watch?v=wsDRkAD6lPs
bypass+cloudflare+webscraping,üõë How to BYPASS sophisticated ANTI-BOT systems!,https://www.youtube.com/watch?v=uM2bk21_DiI
bypass+cloudflare+webscraping,"Rust Web Scraping course | Scraping airbnb, bypassing cloudflare and more!",https://www.youtube.com/watch?v=LUhjyYEFXvo
bypass+cloudflare+webscraping,ZenRows: My New Favorite Scraping Tool,https://www.youtube.com/watch?v=RRSAEih3pDw
bypass+cloudflare+webscraping,Bypass Firewall and get the Real IP Address of a Website,https://www.youtube.com/watch?v=LVWEVynYjsY
bypass+cloudflare+webscraping,‚òÅ Bypass cloudflare human verification ü¶ã,https://www.youtube.com/watch?v=XzHuafoEOvI
bypass+cloudflare+webscraping,How To Bypass Cloudflare,https://www.youtube.com/watch?v=-d5uffRR4Sk
bypass+cloudflare+webscraping,Python WEB SCRAPING in 30 Seconds! üî•üë®‚Äçüíª #shorts,https://www.youtube.com/watch?v=AaWaE2CEUF0
bypass+cloudflare+webscraping,What Is Anti-botting and How to Bypass It? | Web Scraping Tips and Tricks,https://www.youtube.com/watch?v=Vp3tET-hNRs
bypass+cloudflare+webscraping,Bypass cloudflare 2023,https://www.youtube.com/watch?v=ny__ZKtBitE
scraping+proxy,Python WEB SCRAPING in 30 Seconds! üî•üë®‚Äçüíª #shorts,https://www.youtube.com/watch?v=AaWaE2CEUF0
scraping+proxy,Proxy Scraper with Checker,https://www.youtube.com/watch?v=f0XgFoQWvZg
scraping+proxy,BEST HTTP & SOCKS Proxy Scraper (FREE),https://www.youtube.com/watch?v=G_DFMdmX8WY
scraping+proxy,Scraping 7000 Products in 20 Minutes,https://www.youtube.com/watch?v=xclcwbZ9dmQ
scraping+proxy,Rotating Proxies - Selenium Web Scraping and Browser Automation in Python - Part 2,https://www.youtube.com/watch?v=rhwh5QZstDM
scraping+proxy,XyScraper - Fastest Proxy Scraper.,https://www.youtube.com/watch?v=k-MLn-NZQOU
scraping+proxy,Fast Web Scraping With ReactPHP #4: Using Proxy,https://www.youtube.com/watch?v=BYU_dHKBqdA
scraping+proxy,Nodejs Puppeteer Tutorial #17 - Proxies Explained: How to Use Them Effectively,https://www.youtube.com/watch?v=Q5qkGq_Ustc
scraping+proxy,Using Proxies for Web Scraping in Node JS,https://www.youtube.com/watch?v=eofe3H_52Ro
scraping+proxy,How to Scrape Websites Without Getting Blacklisted or Blocked,https://www.youtube.com/watch?v=B4VPmdteI5A
scraping+proxy,Scrapebox : The Best Proxy Service to Use Is Scraper API,https://www.youtube.com/watch?v=8S8ZaUi_4Jk
scraping+proxy,Tools for Web Scraping: Datacenter vs. Residential Proxies | OxyCast,https://www.youtube.com/watch?v=WhFB7vnWz74
scraping+proxy,Python Scrapy Tutorial - 24 - Bypass Restrictions using Proxies,https://www.youtube.com/watch?v=090tLVr0l7s
scraping+proxy,Raspberry Pi + Squid: Building a Proxy Server with your Raspberry Pi for Web-scraping,https://www.youtube.com/watch?v=Vi9jVR-PysA
scraping+proxy,How to set up a proxy in Puppeteer for web scraping,https://www.youtube.com/watch?v=wTHFNjGF-Ws
scraping+proxy,Data Collection through Web Scraping and Proxies,https://www.youtube.com/watch?v=yseSCLx27D8
scraping+proxy,Scrap Without Getting Blocked || How to Rotate IPs free using Python  |  How internet & Proxies work,https://www.youtube.com/watch?v=uBAaQ1Oif9k
scraping+proxy,Scraping LinkedIn Profiles with Python Scrapy (2022),https://www.youtube.com/watch?v=fg8ZGzueHLk
scraping+proxy,Web Scraping New York Times Articles With Python | Proxies API,https://www.youtube.com/watch?v=v_r0nO_ocVg
scraping+proxy,How to Rotate Proxies With Python (Easy & Quick Tutorial),https://www.youtube.com/watch?v=2gXE86ypgvA
web+scraping+api,Always Check for the Hidden API when Web Scraping,https://www.youtube.com/watch?v=DqtlR0y0suo
web+scraping+api,Web Scraping and APIs: What's The Difference?,https://www.youtube.com/watch?v=cOdPVpM1WSU
web+scraping+api,API Endpoints? Get data from the web easily with PYTHON,https://www.youtube.com/watch?v=uRlik_-puEw
web+scraping+api,How To Scrape Any Website Using Hidden APIs,https://www.youtube.com/watch?v=37ltwOPLtY8
web+scraping+api,Web Scraping with GPT-4 Vision AI + Puppeteer is Mind-Blowingly EASY!,https://www.youtube.com/watch?v=fjP328HN-eY
web+scraping+api,Scrapy Course ‚Äì Python Web Scraping for Beginners,https://www.youtube.com/watch?v=mBoX_JCKZTE
web+scraping+api,Beginners Guide To Web Scraping with Python - All You Need To Know,https://www.youtube.com/watch?v=QhD015WUMxE
web+scraping+api,Industrial-scale Web Scraping with AI & Proxy Networks,https://www.youtube.com/watch?v=qo_fUjb02ns
web+scraping+api,How to Scrape UNLIMITED Google My Business Leads for FREE,https://www.youtube.com/watch?v=GLrim2S1aWQ
web+scraping+api,Web Scraping API | Scrape at Scale,https://www.youtube.com/watch?v=L-3DJqIWgDk
web+scraping+api,The Best Web Scraping Tools of 2023 | Extract Any Website Data,https://www.youtube.com/watch?v=bTySEwaGc2k
web+scraping+api,Finding hidden API of HM.com to web scrape all products,https://www.youtube.com/watch?v=6gtHzj4GMLo
web+scraping+api,Working With APIs in Python - Pagination and Data Extraction,https://www.youtube.com/watch?v=-oPuGc05Lxs
web+scraping+api,Web Scraping: discovering hidden website APIs using Chrome Dev Tools,https://www.youtube.com/watch?v=kPe3wtA9aPM
web+scraping+api,Turn Websites into Real Time API's with ScrapyRT,https://www.youtube.com/watch?v=_LLSiBMD_sk
web+scraping+api,The Biggest Mistake Beginners Make When Web Scraping,https://www.youtube.com/watch?v=G7s0eGOaRPE
web+scraping+api,Scraping Data from a Real Website | Web Scraping in Python,https://www.youtube.com/watch?v=8dTpNajxaH0
web+scraping+api,Hidden APIs with Scrapy - easy JSON data extraction,https://www.youtube.com/watch?v=xjieRVnuPcQ
web+scraping+api,üõë How to Scrape UNSCRAPABLE data! (super simple!) Node.js + API,https://www.youtube.com/watch?v=YRRW4o-BjEM
web+scraping+api,Web Scraping 101: A Million Dollar Project Idea,https://www.youtube.com/watch?v=DJnH0jR8y5Q
bypass+cloudflare+webscraping,Scrap Without Getting Blocked || How to Rotate IPs free using Python  |  How internet & Proxies work,https://www.youtube.com/watch?v=uBAaQ1Oif9k
bypass+cloudflare+webscraping,Web scraping in Python takes 2 seconds... #shorts,https://www.youtube.com/watch?v=JeT_f6inFT4
bypass+cloudflare+webscraping,Selenium Headless Scraping For Servers & Docker,https://www.youtube.com/watch?v=xrYDlx8evR0
bypass+cloudflare+webscraping,Bypassing Cloudflare WAF's XSS Protection: A Bug Bounty Hunter's Perspective,https://www.youtube.com/watch?v=KRpV_fnRjio
bypass+cloudflare+webscraping,üõë How to Scrape UNSCRAPABLE data! (super simple!) Node.js + API,https://www.youtube.com/watch?v=YRRW4o-BjEM
bypass+cloudflare+webscraping,How To Bypass Cloudflare Protection (2023) Easy Tutorial,https://www.youtube.com/watch?v=yO8-oeBZHiE
bypass+cloudflare+webscraping,How to Get Around Rate Limiting üöÄ,https://www.youtube.com/watch?v=tC6Ca5-8f3Q
bypass+cloudflare+webscraping,Handle 403 status code in Web Scraping,https://www.youtube.com/watch?v=LRzHQIePr8E
bypass+cloudflare+webscraping,Scrape ANY Website with AI For Free | Best AI Tools,https://www.youtube.com/watch?v=CIy84eMtGeo
bypass+cloudflare+webscraping,Cloudflare Turnstile Captcha Solving Service. How to bypass Cloudflare  Captcha with 2Captcha API,https://www.youtube.com/watch?v=ZoSWMgNwfuM
bypass+cloudflare+webscraping,Part1 : Bypass Cloudflare  with  Historical DNS Records,https://www.youtube.com/watch?v=VyZ1lgJ77oQ
bypass+cloudflare+webscraping,How to Bypass Website Queues Queue it Bypass,https://www.youtube.com/watch?v=T3UEXaSWMsU
bypass+cloudflare+webscraping,Bypass CloudFlare,https://www.youtube.com/watch?v=pWPNzq0-eX8
bypass+cloudflare+webscraping,Cloudflare bypass ü•∫,https://www.youtube.com/watch?v=PBK6hNss4dY
bypass+cloudflare+webscraping,NEVER buy from the Dark Web.. #shorts,https://www.youtube.com/watch?v=YinW94Av_tQ
bypass+cloudflare+webscraping,Can proxies be ethical? üõ°,https://www.youtube.com/watch?v=MlChwZKMrQI
bypass+cloudflare+webscraping,How to Protect Website from Scraping,https://www.youtube.com/watch?v=YEvkbEwKqqE
bypass+cloudflare+webscraping,üîì Web Unblocker Explained #webunblocker #webscraping,https://www.youtube.com/watch?v=mkwc40WZPlk
scraping+proxy,Scraping a Free Proxy List,https://www.youtube.com/watch?v=WZspDcyLX40
scraping+proxy,What is a SOCKS5 proxy? | Proxies & Web Scraping Explained,https://www.youtube.com/watch?v=bEid5vtflo8
scraping+proxy,Proxies Unveiled: The Python Web Scraping Guide - part 2,https://www.youtube.com/watch?v=-2JqlyazgB4
scraping+proxy,How To Choose Proxies for Social Media & eCommerce Scraping?,https://www.youtube.com/watch?v=QLqlyxNWkII
scraping+proxy,Best Proxy Scraper | ProxSearch  3.0 2018 Update | Premium Proxy Scraper/Grabber For Mac OSX,https://www.youtube.com/watch?v=Cyt8RqghM70
scraping+proxy,Optimizing Web Scraping,https://www.youtube.com/watch?v=hsw6Q5eUPtQ
scraping+proxy,The Impact of IP Proxies on Web Scraping and Crawling,https://www.youtube.com/watch?v=YA6lF99w3pY
scraping+proxy,Always Check for the Hidden API when Web Scraping,https://www.youtube.com/watch?v=DqtlR0y0suo
scraping+proxy,Proxy + Crawling = Unbeatable Scraping,https://www.youtube.com/watch?v=vFX9j3peGN4
scraping+proxy,Web Scraping For AI: New Trend Emerges #shorts #proxymarketresearch23,https://www.youtube.com/watch?v=kGjh_IEbYIo
scraping+proxy,Web Scraping how-to with Bash script and Python over proxy,https://www.youtube.com/watch?v=4w_oZ2OT_Po
scraping+proxy,How to avoid getting blocked while web scraping ?,https://www.youtube.com/watch?v=lse3TFC_vaY
scraping+proxy,Proxy settings in Octoparse web-scraping tool,https://www.youtube.com/watch?v=Pf7tATCiR9Y
scraping+proxy,IP Proxy for Effective Web Crawling and Scraping,https://www.youtube.com/watch?v=tqNseo-JwU0
scraping+proxy,Easiest Web Scraping Tutorial With Booking.com! Goodbye Proxies & Drivers üëã,https://www.youtube.com/watch?v=WP92--PQmNw
scraping+proxy,PROXY ROTATION crash course | Python + Requests & BeautifulSoup,https://www.youtube.com/watch?v=GMUqSpMngts
scraping+proxy,A Full Guide to Using a Proxy with Python Requests - Bright Data,https://www.youtube.com/watch?v=4RvWpz3Pf6c
scraping+proxy,Media and Entertainment Data Scraping with ClonBrowser: A Deep Dive into Proxy Performance#shorts,https://www.youtube.com/watch?v=4ViE2-CRBr4
scraping+proxy,Scrapy Course ‚Äì Python Web Scraping for Beginners,https://www.youtube.com/watch?v=mBoX_JCKZTE
scraping+proxy,HeadlessBrowserAPI - a new Proxy API for JavaScript rendered HTML Scraping,https://www.youtube.com/watch?v=205EinBQAoo
bypass+cloudflare+webscraping,PHP : cURL - Load a site with CloudFlare protection,https://www.youtube.com/watch?v=Pg7vc3yZ8qo
bypass+cloudflare+webscraping,Python Scrapy Tutorial - 24 - Bypass Restrictions using Proxies,https://www.youtube.com/watch?v=090tLVr0l7s
bypass+cloudflare+webscraping,SLAYERSTRESS | CLOUDFLARE BYPASS,https://www.youtube.com/watch?v=ITZD9HMNWL4
bypass+cloudflare+webscraping,ScrapingBypass Web Scraping API Basic Configuration,https://www.youtube.com/watch?v=ZxvxtWQeIA0
bypass+cloudflare+webscraping,ScrapingAnt,https://www.youtube.com/watch?v=8KKVID8yddc
bypass+cloudflare+webscraping,Como resolver Captcha **CLOUDFLARE** SELENIUM (Soluci√≥n B√°sica),https://www.youtube.com/watch?v=Sur4OSC5KW4
bypass+cloudflare+webscraping,Cloudflare WAF Bypass SQLi,https://www.youtube.com/watch?v=VqosSfyursA
bypass+cloudflare+webscraping,Rotating Proxies For Web Requests in Python,https://www.youtube.com/watch?v=FbtCl9jJyyc
bypass+cloudflare+webscraping,Part2 : Accoring to Chatgpt Bypass Cloudflare  with  Diret IP Access,https://www.youtube.com/watch?v=DIWhx8SIl4Q
bypass+cloudflare+webscraping,Web Scrape Websites with a LOGIN - Python Basic Auth,https://www.youtube.com/watch?v=cV21EOf5bbA
bypass+cloudflare+webscraping,"Nodejs Puppeteer - Bypass Detection using plugins, settings & proxies #shorts",https://www.youtube.com/watch?v=HJqS0mj2Ofg
bypass+cloudflare+webscraping,|| XSS cloudflare Bypass || Report-33|| Bug Bounty || 403 WAF bypass|| XSS||,https://www.youtube.com/watch?v=SqrCu7LJQFA
bypass+cloudflare+webscraping,‚úÖ Wollplatz.de Scraper | Bypassing Cloudflare via Scrapy-Selenium,https://www.youtube.com/watch?v=WBZ6raQ75EQ
bypass+cloudflare+webscraping,Web Scraping with Professional Proxy Servers in Python,https://www.youtube.com/watch?v=hh8UHmkymik
bypass+cloudflare+webscraping,Bypass CloudFlare by lnmpro,https://www.youtube.com/watch?v=v9uyIDLnn2Q
bypass+cloudflare+webscraping,how to bypass cloudflare with python,https://www.youtube.com/watch?v=Xsnp66Xn6sM
bypass+cloudflare+webscraping,Cloudflare UAM/Captcha/BFM Bypass with proxies,https://www.youtube.com/watch?v=K7r7AlolOvM
bypass+cloudflare+webscraping,"selenium-stealth, Avoid Detection - Selenium Web Scraping and Browser Automation in Python - Part 2",https://www.youtube.com/watch?v=tP9QRY8PHz8
bypass+cloudflare+webscraping,Part0 : Asking Chatgpt  to bypass Cloudflare for website .,https://www.youtube.com/watch?v=TOgidSF56kI
web+scraping+api,Python WEB SCRAPING in 30 Seconds! üî•üë®‚Äçüíª #shorts,https://www.youtube.com/watch?v=AaWaE2CEUF0
web+scraping+api,FIRECRAWL - Web Scraping has changed FOREVER!!,https://www.youtube.com/watch?v=V0d_Q3Gq3-Q
web+scraping+api,Google News to Instagram Video: Gemini API Developer Competition,https://www.youtube.com/watch?v=qFRUArkRGX4
web+scraping+api,Web Scraping Reddit Search Results into a Bubble.io app,https://www.youtube.com/watch?v=SKycfMtTX88
web+scraping+api,AI and Python - Web Scraping with OpenAI,https://www.youtube.com/watch?v=VPZimBvm_5g
web+scraping+api,"Run ScrapingBee, ScraperAPI, and ScrapingAnt on Apify - SuperScraper API Tutorial",https://www.youtube.com/watch?v=YKs-I-2K1Rg
web+scraping+api,Web Scraping Secrets: From Beginner to Pro with Make.com,https://www.youtube.com/watch?v=rcYa6FVcncA
web+scraping+api,Web Scraping like a GOD with Javascript,https://www.youtube.com/watch?v=ssRo5nVOvrQ
web+scraping+api,Google News to Instagram Video: Gemini API Developer Competition,https://www.youtube.com/watch?v=7VqmZ-UvKzQ
web+scraping+api,Web Scraping vs Web Crawling Explained,https://www.youtube.com/watch?v=TLosoD249NA
web+scraping+api,"Scraping Music Data with Spotify API, Selenium and Pandas(Time Lapse)",https://www.youtube.com/watch?v=kmreVOaXdyQ
web+scraping+api,A Guide to Web Scraping with Node.js,https://www.youtube.com/watch?v=dXjKh66BR2U
web+scraping+api,Webscraping com python usando API,https://www.youtube.com/watch?v=myHHRAXxhmk
web+scraping+api,Web Scraping Fashion Website (Hidden API) | Web Crawling E-Commerce Website  [Part 1/3],https://www.youtube.com/watch?v=KTrRweVW4aw
web+scraping+api,Scrape ANY Website with AI For Free | Best AI Tools,https://www.youtube.com/watch?v=CIy84eMtGeo
web+scraping+api,"How to scrape the web for LLM in 2024: Jina AI (Reader API), Mendable (firecrawl) and Scrapegraph-ai",https://www.youtube.com/watch?v=QxHE4af5BQE
web+scraping+api,Web Scraping with Python - Beautiful Soup Crash Course,https://www.youtube.com/watch?v=XVv6mJpFOb0
web+scraping+api,Is web scraping legal? ü´¢üò≥,https://www.youtube.com/watch?v=pPy3sbeGNjQ
scraping+proxy,Rotating Proxies (IPs) - Scrapy Tutorial Series Part#9,https://www.youtube.com/watch?v=rAPS9yybGSs
scraping+proxy,Proxy Professor - How to find Proxies for scraping Google,https://www.youtube.com/watch?v=Arbk6AzX2AE
scraping+proxy,Top 10 services & programs for Web Scraping and SEO,https://www.youtube.com/watch?v=SK0iCo8YLCM
scraping+proxy,Social Media Scraping API Playground Setup Guide,https://www.youtube.com/watch?v=nVO95M3ZTS4
scraping+proxy,Industrial-scale Web Scraping with AI & Proxy Networks #airevolution #aitechnology #technology,https://www.youtube.com/watch?v=mLqyRRRtvGU
scraping+proxy,"Python Selenium Tutorial #6   - Bypass Detection using plugins, settings & proxies",https://www.youtube.com/watch?v=QvaZLa_FKmY
scraping+proxy,Introduction to Bright Data | Scraping Browser,https://www.youtube.com/watch?v=kuDuJWvho7Q
scraping+proxy,Web scraping can be a real pain when websites restrict access. üßê,https://www.youtube.com/watch?v=xbEzgZOkbl4
scraping+proxy,5 Ways to Scrape Websites Without Getting Blocked,https://www.youtube.com/watch?v=xx1x3SEmpqQ
scraping+proxy,ClonBrowser vs. Traditional Proxies: How SOAX IP Elevates Web Scraping#shorts,https://www.youtube.com/watch?v=gq2SR-68Z_A
scraping+proxy,How to Setup Proxy with Authentication for Web Scraping using Selenium: Step-by-Step Tutorial,https://www.youtube.com/watch?v=T3l9V8LTwBo
scraping+proxy,web scraping proxy services part-1,https://www.youtube.com/watch?v=xfXXq4uHsG4
scraping+proxy,Revolutionizing Web Scraping with HTTP Proxy npm Integration,https://www.youtube.com/watch?v=DI0NnnfMnOo
scraping+proxy,Find #proxies that streamline your #scraping jobs üöÄ #successstory #price2spy,https://www.youtube.com/watch?v=NJfDb3Aih8Q
scraping+proxy,A Game-Changer for Data Scraping in the Retail Industry - Smart Proxy vs Luminati Comparison#shorts,https://www.youtube.com/watch?v=VM7KWblFZ5k
scraping+proxy,Web Scraping 101: A Million Dollar Project Idea,https://www.youtube.com/watch?v=DJnH0jR8y5Q
scraping+proxy,web scraper | proxy list web scraping tutorial | python requests beautifulsoup,https://www.youtube.com/watch?v=AHoeziSYSgs
scraping+proxy,The Best Guide of Using a Mobile Proxy for Web Scraping,https://www.youtube.com/watch?v=nSNu_0BYy1I
scraping+proxy,03  Proxies for email scraping,https://www.youtube.com/watch?v=wxTE13RbOgU
scraping+proxy,SOAX IP vs. Residential Proxies: ClonBrowser's Edge in Web Scraping#shorts,https://www.youtube.com/watch?v=isWzal0oX_8
bypass+cloudflare+webscraping,Web Penetration Testing #14 - Bypass Cloud-flare by using DNS Records.,https://www.youtube.com/watch?v=GfEf5P_cjik
bypass+cloudflare+webscraping,How to Fix ChatGPT Cloudflare Loop | Bypass Cloudflare and Captchas,https://www.youtube.com/watch?v=V6J3nmdguMg
bypass+cloudflare+webscraping,Bypassing a WAF by Finding the Origin IP,https://www.youtube.com/watch?v=jfjzYpgte-A
bypass+cloudflare+webscraping,"Chatting Web Scraping, Python & Learning Code",https://www.youtube.com/watch?v=xSNQ9Vuoc3c
bypass+cloudflare+webscraping,5 Best ChatGPT Proxies to Bypass Cloudflare Restrictions to Access OpenAI,https://www.youtube.com/watch?v=xxyUFaHYbu0
bypass+cloudflare+webscraping,Bypass Cloudflare,https://www.youtube.com/watch?v=YUtpPudieCg
bypass+cloudflare+webscraping,Python :Problem HTTP error 403 in Python 3 Web Scraping(5solution),https://www.youtube.com/watch?v=yX1DE1dTJ5k
bypass+cloudflare+webscraping,Cloudflare Protection Is Broken!!! Bots of the world unite!! ü§ñü§ñü§ñ #python #bot #shorts,https://www.youtube.com/watch?v=1VAENIcYEIw
bypass+cloudflare+webscraping,CDN BYPASS üõ∞Ô∏è,https://www.youtube.com/watch?v=26s7QNEFn14
bypass+cloudflare+webscraping,Rotating Proxies - Selenium Web Scraping and Browser Automation in Python - Part 2,https://www.youtube.com/watch?v=rhwh5QZstDM
bypass+cloudflare+webscraping,Cloudflare | #cloudflare #cdn | connect content delivery network error | GTMETRIX #wordpress,https://www.youtube.com/watch?v=5btC6MckKuY
bypass+cloudflare+webscraping,Webscraping With Python Tutorial - Use Free Proxies In Your Webscraping projects,https://www.youtube.com/watch?v=Y_3BTOMGGa4
bypass+cloudflare+webscraping,7 Steps to Never Get Blocked when Web Scraping (From Data Extraction Expert),https://www.youtube.com/watch?v=WoT9PEMoDv8
bypass+cloudflare+webscraping,How to bypass Cloudflare using CFSession,https://www.youtube.com/watch?v=O0z83rVJ2ME
bypass+cloudflare+webscraping,Preventing Selenium from being detected in Python,https://www.youtube.com/watch?v=eqTBZxGNwAs
bypass+cloudflare+webscraping,how to allow user agents in Cloudflare,https://www.youtube.com/watch?v=AMniFGR_hHA
bypass+cloudflare+webscraping,Crawl website batdongsan.com.vn bypass cloudflare,https://www.youtube.com/watch?v=acxlEdU5mjE
bypass+cloudflare+webscraping,"How to use cookies to your automations to help with cloudflare, logins, oauth and more",https://www.youtube.com/watch?v=tSS5GItA2FI
bypass+cloudflare+webscraping,Browser Fingerprint Generator - Cloudflare,https://www.youtube.com/watch?v=HqsHILruzG4
bypass+cloudflare+webscraping,Cloudflare Bypass with Reflected XSS samsungmobilepress.com  POC |  Bug Bounty 2021,https://www.youtube.com/watch?v=tavCvzB3G18
web+scraping+api,Amazon data Scraping using Javascript Fetch API,https://www.youtube.com/watch?v=fzXZnqPalzw
web+scraping+api,Web Scraping APIs with Python for Data Science - Beginner to Advanced - Part 1,https://www.youtube.com/watch?v=kJyOp12PgP4
web+scraping+api,This AI Agent can Scrape ANY WEBSITE!!!,https://www.youtube.com/watch?v=ncnm3P2Tl28
web+scraping+api,How to use Scraper API | Python Amazon Scraper,https://www.youtube.com/watch?v=aYn1qOH0lek
web+scraping+api,Web Scraping + Reverse Engineering APIs,https://www.youtube.com/watch?v=5xWZT0MWz-4
web+scraping+api,Scrape Amazon Data using Python (Step by Step Guide),https://www.youtube.com/watch?v=2hPCX-p_X8Q
web+scraping+api,Web Scraping With ChatGPT Code Interpreter: Mind-Blowing !!,https://www.youtube.com/watch?v=wlY7K_ktAHw
web+scraping+api,API Data Mining Scraping PHP JSON Get Information Tutorial,https://www.youtube.com/watch?v=xw13O0FmYFo
web+scraping+api,Web Scrapping Hacking hidden Api keys | Brainy Quotes | Python,https://www.youtube.com/watch?v=G3OOv59yvm4
web+scraping+api,I built my own Reddit API to beat Inflation. Web Scraping for data collection.,https://www.youtube.com/watch?v=O_0IGoOX6Dw
web+scraping+api,Scrape Website Text with no code API,https://www.youtube.com/watch?v=NOrkz5xGfos
web+scraping+api,"Web Scraping for LLM in 2024: Jina AI Reader API, Mendable Firecrawl, and Crawl4AI and More",https://www.youtube.com/watch?v=od6AaKhKYmg
web+scraping+api,Web Scraping Using ChatGPT  #openai  #chatgpt  #webscraping | extract data from website,https://www.youtube.com/watch?v=IMccv8xbguE
web+scraping+api,Web Scraping Vs API:  Know Key Differences,https://www.youtube.com/watch?v=jiOQXipyxBM
web+scraping+api,Scrape LIVE scores - No BeautifulSoup or Selenium NEEDED!,https://www.youtube.com/watch?v=hV5k1XbcZXA
web+scraping+api,How to Automate Web Scraping With Zapier | Scraper APIs Integration,https://www.youtube.com/watch?v=G-2_XNnbpxI
web+scraping+api,How to do Web Scraping Weather Data using Beautiful Soup | Proxies API,https://www.youtube.com/watch?v=SBxv5Fkgass
scraping+proxy,How to do Web Scraping Weather Data using Beautiful Soup | Proxies API,https://www.youtube.com/watch?v=SBxv5Fkgass
scraping+proxy,Proxies Fix Youtube Scraping Issue ‚úÖ #residentialproxies #youtubeproxies #shorts #webproxy,https://www.youtube.com/watch?v=EjtZQoXDYrE
scraping+proxy,Proxies Unveiled: The Python Web Scraping Guide part-1  #proxies #webscraping #webcrawler,https://www.youtube.com/watch?v=nsMLSzEzuXg
scraping+proxy,How to do Web Scraping Reddit Posts Using Scrapy | Proxies API,https://www.youtube.com/watch?v=_z-nefoAl88
scraping+proxy,Web Scraping New York Times with Beautiful Soup | Proxies API,https://www.youtube.com/watch?v=oKelfbozr3U
scraping+proxy,web scraping proxies part 4 [scrapingdog Review] #proxies #scrapingdog,https://www.youtube.com/watch?v=SJeklGqu3OU
scraping+proxy,"Web Scraping Real Estate using a Proxy, Beautiful Soup, and Python | ScraperAPI",https://www.youtube.com/watch?v=ILnkt1ASpGg
scraping+proxy,Get the Best 4G Proxy for Web Scraping | Data Scraping | Web Harvesting | 4G Proxy,https://www.youtube.com/watch?v=MVDP65fPWH0
scraping+proxy,How to use WebHarvy with YiLu Proxy for web scraping - yilu.us,https://www.youtube.com/watch?v=fGlz3sbpfO8
scraping+proxy,"lunaproxy Scraping Proxy API,Only $0.7 per 1 GB,Free Proxy & Web Scraping API",https://www.youtube.com/watch?v=d2pMy46Wodc
scraping+proxy,Reddit Scraping in 2023 (Data Collection Tips & Tricks),https://www.youtube.com/watch?v=MZwvqP8RV_8
scraping+proxy,Using for Web Scraping and Data Mining: Harnessing Free Socks Proxies with IPRockets,https://www.youtube.com/watch?v=e21E9E9ueoc
scraping+proxy,MiProxy2 | Python Asyncronous Proxy Checker | InferiorAK,https://www.youtube.com/watch?v=ihSmcZDU_x0
scraping+proxy,Proxy Scraping The Easy Way,https://www.youtube.com/watch?v=4TGexyKOpMs
scraping+proxy,Proxy & Web Scraping Use Cases / Data Delivery | How to Collect Web Data Part 3 | Bright Data,https://www.youtube.com/watch?v=7Pf07QiRWo0
scraping+proxy,Scraping FREE PROXY LIST in 1 LINE OF PYTHON CODE within a SCRAPY Shell,https://www.youtube.com/watch?v=BinwoeJl4Q0
scraping+proxy,"Web scraping extract to excel, csv, json file, auto find proxy and rotating",https://www.youtube.com/watch?v=WZFud5_ZDiU
scraping+proxy,web scraping proxies part 3 [Zenscrape Review] #proxies #zenscrape,https://www.youtube.com/watch?v=08gpyRUD850
scraping+proxy,Web Scraping and Proxy Management Hands-on Online-Workshop | 26th March 2020,https://www.youtube.com/watch?v=r2iPdO9Rc4c
scraping+proxy,How to setup lunaproxy dynamic residential proxy in Brave browser?scraping with js or python!,https://www.youtube.com/watch?v=BQ7VlrNNgs4
web+scraping+api,No-Code Netflix API Data Scraping with HAR Files (Still Works in 2024),https://www.youtube.com/watch?v=JlSpYs8ScBY
web+scraping+api,Running Scrapers from a Flask Api - Python Web Scraping for Beginners,https://www.youtube.com/watch?v=fRDPu3K6yng
web+scraping+api,Scrapingdog | Web Scraping API,https://www.youtube.com/watch?v=aSzkGqM7KCo
web+scraping+api,Learn Python - Web scraping a private API - Questions from the comments episode 2,https://www.youtube.com/watch?v=YZ_oapwYQRQ
web+scraping+api,Web Scraping New York Times Articles With Python | Proxies API,https://www.youtube.com/watch?v=v_r0nO_ocVg
web+scraping+api,ScrapingBee Alternative - ScrapingBypass Web Scraping API Bypass Cloudflare,https://www.youtube.com/watch?v=cJY3T3jiQTI
web+scraping+api,The Biggest Issues I've Faced Web Scraping (and how to fix them),https://www.youtube.com/watch?v=vxk6YPRVg_o
web+scraping+api,How to Use Google API in Python | Web scraping Python,https://www.youtube.com/watch?v=YLChfzcu7_o
web+scraping+api,How to Create Twitter API Key for Web Scraping Twitter,https://www.youtube.com/watch?v=eVgWybDzzuo
web+scraping+api,Getting Started With Web Scraper API,https://www.youtube.com/watch?v=oa3fdshAzhQ
web+scraping+api,This script I threw together saves me hours.,https://www.youtube.com/watch?v=HVWNRMEH9Ro
web+scraping+api,Getting Data From Search Engines - Smartproxy SERP Scraping API,https://www.youtube.com/watch?v=-v_XLoRGjPU
web+scraping+api,ScrapingAnt Alternative - ScrapingBypass Web Scraping API Bypass Cloudflare,https://www.youtube.com/watch?v=kYdYdcBPyt0
web+scraping+api,Scraper API Tutorial | Web Scraping With Multiple Programming Language | Best API for Web Scraping?,https://www.youtube.com/watch?v=bxwRONn-8lI
web+scraping+api,Web Scraping from API Calls Using Python,https://www.youtube.com/watch?v=scVOfXfjdEw
web+scraping+api,Web Scraping Yelp with Beautiful Soup | Proxies API,https://www.youtube.com/watch?v=WZxLHYHXJJw
web+scraping+api,No-Code Starbucks API Data Scraping with HAR Files (Still Works in 2024),https://www.youtube.com/watch?v=JTvr1tILUpA
web+scraping+api,What is Web Scraping | Proxies API,https://www.youtube.com/watch?v=TILFHgKvsUU
web+scraping+api,Web Scraping API - Zyte Honest Review,https://www.youtube.com/watch?v=1p7twE6CuFA
web+scraping+api,Best Web Scraping Blogs | Web Scraping with Scrappy | Proxies API,https://www.youtube.com/watch?v=VeTCedpn4yM
web+scraping+api,Web Scraping With Python 101,https://www.youtube.com/watch?v=CHUxmVVH2AQ
web+scraping+api,Playwright Click Pages - Python Web Scraping,https://www.youtube.com/watch?v=giiLmJnOnok
web+scraping+api,Web Scraping New York Times with Beautiful Soup | Proxies API,https://www.youtube.com/watch?v=oKelfbozr3U
web+scraping+api,Web Scraping Tutorial | Data Scraping from Websites to Excel | Web Scraper Chorme Extension,https://www.youtube.com/watch?v=aClnnoQK9G0
web+scraping+api,Web Scraping Full Course 2024 | Build and Deploy eCommerce Price Tracker,https://www.youtube.com/watch?v=lh9XVGv6BHs
web+scraping+api,Scraping multiples websites with one Python script,https://www.youtube.com/watch?v=tGejYtmppQI
web+scraping+api,ScrapingBypass Web Scraping API Basic Configuration,https://www.youtube.com/watch?v=ZxvxtWQeIA0
web+scraping+api,The Easiest Way to Scrape Web Data with VBA,https://www.youtube.com/watch?v=E3u_1e3wg74
web+scraping+api,"Combine Web Scraping, API Requests & Map Visualization with Python",https://www.youtube.com/watch?v=WH3_jZgwRpQ
web+scraping+api,Web Scraping With Proxies Without Coding Knowledge - Scraper API Overview,https://www.youtube.com/watch?v=bywB-ewhBmw
web+scraping+api,API Web Scraping NBA Stats in Python | NBA Data Analytics Project (part 1/2),https://www.youtube.com/watch?v=nHtlRlWmTV4
web+scraping+api,Python Web Scraping APIs using Scrapy - Automation,https://www.youtube.com/watch?v=Y3UtdihdhOE
web+scraping+api,Web Scraping with ChatGPT is mind blowing ü§Ø,https://www.youtube.com/watch?v=9DYBGHn6BKA
web+scraping+api,Web Scraping A Better Way | Forging API Requests,https://www.youtube.com/watch?v=8GZPQUjd7pk
web+scraping+api,Webscraping verse API calls: What's the difference?,https://www.youtube.com/watch?v=6uhL7hRoXWA
web+scraping+api,‚úÖ The Power of Web Scraping with Python and FastAPI,https://www.youtube.com/watch?v=P5yGzJiGFIQ
web+scraping+api,Web Scrape Websites with a LOGIN - Python Basic Auth,https://www.youtube.com/watch?v=cV21EOf5bbA
web+scraping+api,Screen Scraping VS API,https://www.youtube.com/watch?v=thE_3jjY8PA
